{
  "IsEncrypted": false,
  "Values": {
    "WEBSITE_SLOT_NAME": "Production",
    "FUNCTIONS_EXTENSION_VERSION": "~3",
    "ScmType": "None",
    "WEBSITE_AUTH_ENABLED": "False",
    "WEBSITE_RUN_FROM_PACKAGE": "1",
    "APPINSIGHTS_INSTRUMENTATIONKEY": "ba0cd5ca-7233-4074-8558-8f17f247bba7",
    "WEBSITE_NODE_DEFAULT_VERSION": "12.15.0",
    "WEBSITE_CONTENTAZUREFILECONNECTIONSTRING": "DefaultEndpointsProtocol=https;AccountName=cidriprange;AccountKey=sLK/5k67mBtijCLHy2NOFovgDB7cmnIbxJ8jSVJ0MhFVGt8SN/xVwjtzTYzl5VkqlWWP7rkDh0kzNbluzLfF9A==;EndpointSuffix=core.windows.net",
    "WEBSITE_CONTENTSHARE": "cidriprange8fa460",
    "FUNCTIONS_WORKER_RUNTIME": "node",
    "WEBSITE_SITE_NAME": "CidrIpRange",
    "AzureWebJobsStorage": "DefaultEndpointsProtocol=https;AccountName=cidriprange;AccountKey=sLK/5k67mBtijCLHy2NOFovgDB7cmnIbxJ8jSVJ0MhFVGt8SN/xVwjtzTYzl5VkqlWWP7rkDh0kzNbluzLfF9A==;EndpointSuffix=core.windows.net"
  }
}